,number,ipm,rang,lemma,гуглить,твитнуть,твитить,лайкать,лайкнуть,постить,банить,спамить,свайпать,свайпнуть
0,1,12160.7,6,быть,5,6,5,5,6,5,3,5,6,7
1,2,2912.3,37,мочь,6,7,6,6,7,5,5,5,7,8
2,3,2396.6,42,сказать,5,6,5,4,6,5,4,3,3,5
3,4,1755.0,58,говорить,4,6,4,6,6,4,5,5,6,7
4,5,1713.8,61,знать,5,5,5,4,5,5,3,4,5,6
5,6,1621.8,62,стать,5,5,4,4,6,3,4,3,4,5
6,7,991.3,92,хотеть,5,5,4,5,6,3,4,5,6,7
7,8,957.1,95,идти,6,6,5,6,7,5,5,6,7,8
8,9,906.7,99,иметь,5,5,4,5,6,5,4,4,6,7
9,10,818.2,113,видеть,5,4,3,5,6,5,4,5,5,6
10,11,755.5,123,думать,4,6,5,4,6,5,4,4,5,7
11,12,743.5,124,сделать,4,6,5,4,6,5,5,4,4,6
12,13,725.5,126,жить,4,5,4,5,6,4,3,4,6,7
13,14,701.1,134,делать,4,6,5,4,6,5,4,5,5,7
14,15,667.2,136,смотреть,6,5,5,6,6,5,6,5,5,6
15,16,611.2,148,работать,6,6,5,4,5,5,5,6,5,6
16,17,588.2,152,понять,5,5,5,5,5,3,3,4,6,6
17,18,587.2,153,пойти,6,7,5,5,6,3,5,5,6,7
18,19,573.9,155,спросить,5,6,5,6,6,3,5,3,5,6
19,20,573.1,157,дать,5,6,5,4,5,5,3,4,5,6
20,21,559.7,160,понимать,6,6,5,5,6,4,4,5,5,7
21,22,557.7,161,получить,5,6,5,6,6,3,5,5,6,7
22,23,538.1,169,сидеть,5,5,4,5,6,5,4,4,5,6
23,24,531.9,172,оказаться,7,8,7,6,8,7,6,6,6,8
24,25,525.8,175,взять,5,5,4,5,6,5,4,5,5,6
25,26,523.3,176,прийти,6,6,5,6,7,5,5,5,6,7
26,27,522.9,177,являться,6,7,6,7,8,7,6,7,7,8
27,28,503.1,181,любить,4,6,4,4,5,4,3,4,6,7
28,29,501.9,182,стоить,4,5,4,5,6,3,3,3,5,6
29,30,482.7,194,остаться,7,7,6,6,8,4,6,6,7,8
30,31,480.9,195,выйти,6,6,5,5,6,5,5,6,5,6
31,32,473.3,198,начать,5,6,5,3,5,5,3,4,4,6
32,33,455.3,206,считать,5,4,3,4,6,4,5,4,4,6
33,34,452.4,209,увидеть,5,4,3,5,6,5,5,5,5,6
34,35,448.2,211,казаться,7,8,7,5,7,7,5,6,6,8
35,36,444.3,213,писать,5,5,4,4,6,3,4,4,5,7
36,37,424.1,222,найти,6,7,5,4,5,5,4,5,5,6
37,38,419.3,224,стоять,5,5,5,5,6,4,4,4,5,6
38,39,409.7,232,решить,4,6,4,5,6,4,3,4,6,7
39,40,398.4,242,пройти,6,7,6,6,7,4,5,5,6,7
40,41,386.9,251,принять,5,4,4,5,5,4,4,5,6,6
41,42,370.7,262,давать,5,6,5,3,5,5,3,4,4,6
42,43,370.4,263,ответить,5,4,2,6,6,4,5,5,6,7
43,44,363.1,269,помнить,4,5,4,5,5,2,3,3,6,6
44,45,360.2,271,ждать,5,6,5,4,6,5,4,4,5,6
45,46,342.7,287,находиться,7,8,7,7,7,7,6,7,8,8
46,47,336.2,294,написать,6,6,5,4,5,5,4,5,5,6
47,48,327.4,304,оставаться,8,8,7,7,8,6,7,6,6,8
48,49,319.1,310,играть,4,5,5,4,6,5,4,5,5,7
49,50,318.1,312,лежать,5,6,5,3,5,5,4,5,5,7
50,51,315.6,316,подумать,6,6,6,5,6,4,6,5,5,7
51,52,315.6,317,уйти,5,7,5,5,6,5,5,6,6,7
52,53,314.2,321,посмотреть,8,7,7,8,8,4,8,7,7,8
53,54,311.2,325,вернуться,7,5,7,7,6,7,6,7,7,6
54,55,305.1,331,следовать,7,7,7,5,6,7,7,6,5,6
55,56,304.4,332,читать,5,4,3,4,6,4,4,5,5,7
56,57,297.3,341,бывать,5,6,5,4,6,5,3,5,5,6
57,58,296.6,342,ходить,4,6,4,5,6,3,3,4,6,7
58,59,296.0,344,начинать,6,5,5,4,4,6,4,5,5,5
59,60,294.6,345,появиться,6,7,6,7,8,4,6,6,8,9
60,61,293.4,348,называть,6,6,6,4,5,6,5,6,5,6
61,62,285.5,358,прийтись,6,6,4,6,7,4,6,6,6,7
62,63,285.3,359,хотеться,7,7,6,7,8,5,6,7,8,9
63,64,280.3,371,вести,6,6,5,6,7,4,5,6,6,7
64,65,277.7,375,показать,6,6,6,5,6,4,5,5,5,7
65,66,267.3,391,поставить,6,6,5,6,7,2,5,4,6,7
66,67,266.5,392,бояться,7,7,6,7,8,5,5,7,8,9
67,68,263.6,395,происходить,8,8,7,9,9,5,8,7,9,9
68,69,260.9,401,существовать,9,9,8,9,10,8,10,9,8,9
69,70,259.3,404,становиться,8,8,7,8,8,8,6,6,7,7
70,71,256.1,411,слышать,5,6,5,4,6,5,5,4,4,6
71,72,255.1,413,смочь,6,7,6,6,7,5,5,4,6,7
72,73,253.9,414,заметить,5,6,4,5,5,4,4,4,6,6
73,74,249.6,422,использовать,9,10,10,8,9,8,10,8,8,9
74,75,249.4,423,пытаться,7,7,6,6,8,5,6,6,7,9
75,76,247.2,427,представить,8,8,7,8,9,5,7,6,8,9
76,77,246.9,428,чувствовать,8,7,7,8,9,7,9,8,7,8
77,78,245.9,429,создать,5,6,5,4,6,4,5,4,4,6
78,79,240.8,440,заниматься,8,8,7,6,7,8,5,7,7,8
79,80,240.6,441,продолжать,7,8,8,7,8,6,8,8,7,8
80,81,239.5,445,слушать,5,6,5,4,6,5,5,4,4,6
81,82,238.1,447,узнать,4,5,5,4,5,5,3,5,5,6
82,83,234.4,456,приехать,6,5,5,5,6,5,6,6,5,7
83,84,232.4,459,отвечать,6,5,4,5,6,6,6,6,5,7
84,85,230.0,465,рассказывать,10,10,10,7,8,9,9,8,7,8
85,86,229.4,468,рассказать,8,8,8,5,6,7,7,6,6,8
86,87,228.5,470,представлять,9,9,9,9,10,7,9,8,8,9
87,88,226.3,477,брать,5,6,5,4,6,5,3,4,5,6
88,89,226.0,478,забыть,5,6,5,4,5,5,3,4,5,6
89,90,222.0,485,провести,7,7,7,7,7,5,7,7,7,8
90,91,221.9,486,спать,5,6,5,4,6,4,4,2,3,5
91,92,218.8,497,помочь,6,7,6,6,7,4,5,4,7,8
92,93,218.2,499,приходить,6,6,5,7,7,5,6,6,7,7
93,94,215.9,503,просить,4,6,4,5,6,2,4,4,6,7
94,95,215.5,504,вспомнить,6,6,6,7,6,4,5,3,6,6
95,96,214.8,505,открыть,5,6,5,5,5,5,5,5,6,7
96,97,214.7,506,привести,7,6,6,7,7,6,7,7,7,8
97,98,210.5,515,оставить,5,6,5,6,6,3,4,3,5,6
98,99,208.3,520,спрашивать,7,8,7,6,7,6,6,4,5,6
99,100,207.7,521,принимать,6,6,5,6,7,5,5,6,6,7
100,101,206.9,523,искать,5,5,5,3,5,4,4,4,5,6
101,102,205.5,531,войти,6,6,5,5,6,4,5,6,5,6
102,103,205.1,534,назвать,5,6,5,3,5,5,4,5,4,6
103,104,203.4,540,успеть,4,6,5,5,6,4,4,4,5,6
104,105,203.2,541,произойти,8,7,7,8,8,6,7,7,8,8
105,106,201.6,547,выходить,5,6,5,6,6,5,5,5,6,6
106,107,201.2,549,предложить,6,8,7,8,8,6,7,7,8,8
107,108,200.9,551,пить,4,5,4,5,6,3,3,3,5,6
108,109,199.3,554,глядеть,4,6,5,5,6,5,5,5,6,7
109,110,198.2,560,ехать,5,6,5,4,6,5,4,4,5,6
110,111,197.7,565,попасть,5,6,5,5,6,3,5,4,5,6
111,112,197.4,567,начаться,7,8,7,5,7,7,5,6,6,8
112,113,197.1,568,верить,4,5,3,5,6,4,3,4,5,6
113,114,196.5,573,держать,5,6,5,4,6,5,5,5,5,7
114,115,194.3,575,позволять,6,7,6,7,7,5,7,7,7,7
115,116,192.7,580,купить,3,6,4,5,6,4,3,4,5,6
116,117,192.7,581,уходить,4,6,4,5,6,4,4,4,6,7
117,118,192.6,582,собираться,8,8,7,7,8,7,7,7,6,8
118,119,191.6,585,относиться,7,8,6,8,8,6,6,7,8,9
119,120,190.9,587,требовать,7,6,6,6,7,7,6,7,6,7
120,121,190.0,592,подойти,6,7,6,6,7,4,6,6,7,8
121,122,189.1,594,удаться,6,7,6,6,8,6,6,6,7,8
122,123,188.2,596,получать,6,6,6,5,6,4,6,6,5,7
123,124,179.7,622,умереть,5,6,5,5,6,5,5,5,6,7
124,125,175.9,636,сесть,5,6,5,5,6,4,4,4,5,6
125,126,175.8,638,случиться,6,8,6,7,8,6,6,5,7,8
126,127,175.4,642,проходить,6,7,6,7,7,4,6,6,7,7
127,128,175.0,643,составлять,7,7,7,7,8,5,7,6,6,7
128,129,174.5,646,приходиться,8,8,7,9,9,7,8,8,9,9
129,130,174.0,649,установить,7,7,6,7,7,6,5,5,6,6
130,131,173.8,652,поднять,5,5,5,5,5,3,4,5,6,6
131,132,172.8,656,стараться,7,8,7,6,8,7,6,5,5,7
132,133,172.5,657,уметь,4,6,5,5,6,5,4,4,6,7
133,134,172.1,658,встать,5,4,3,4,6,3,4,4,4,6
134,135,167.6,678,проводить,6,7,5,7,7,4,6,6,7,7
135,136,166.5,683,бросить,4,6,4,5,6,3,3,4,6,7
136,137,161.4,705,объяснить,6,6,6,7,6,5,4,6,7,6
137,138,161.3,708,снять,5,5,5,5,5,4,3,4,5,5
138,139,160.6,711,нравиться,6,7,6,7,8,6,5,5,7,8
139,140,160.4,712,услышать,5,6,6,5,6,6,6,5,5,7
140,141,160.2,714,связать,5,5,4,4,6,5,5,4,3,5
141,142,159.6,718,позволить,5,7,5,7,7,4,6,6,7,7
142,143,158.4,728,поехать,5,6,5,4,6,3,5,5,5,7
143,144,158.1,729,положить,5,6,5,6,6,3,5,5,6,7
144,145,157.9,730,входить,4,5,4,5,6,4,4,4,5,6
145,146,155.1,746,оказываться,9,9,9,7,8,9,8,8,7,8
146,147,155.0,748,показывать,8,8,8,6,7,6,7,7,6,7
147,148,154.9,750,вызвать,5,5,5,4,6,5,5,5,4,6
148,149,154.7,751,касаться,7,8,7,5,7,6,5,6,6,8
149,150,154.3,757,отметить,5,5,3,6,6,4,5,5,6,7
150,151,154.2,758,заявить,4,6,4,4,5,4,3,4,5,6
151,152,153.5,764,действовать,9,8,7,7,8,7,9,8,7,9
152,153,149.3,782,получиться,7,8,7,8,8,5,7,7,8,9
153,154,147.3,792,кричать,5,5,4,4,6,5,5,5,5,7
154,155,147.0,797,остановиться,9,9,8,9,9,7,7,7,8,8
155,156,145.9,805,предлагать,7,8,8,6,8,7,7,7,7,8
156,157,144.7,811,убить,3,5,4,5,6,4,3,4,6,7
157,158,144.5,813,молчать,5,6,5,4,6,4,5,5,5,7
158,159,144.2,814,согласиться,6,9,8,8,9,7,7,6,8,8
159,160,143.8,822,сообщить,5,6,5,6,6,4,5,4,5,6
160,161,143.6,824,бежать,5,6,5,4,6,5,3,5,5,7
161,162,143.2,828,петь,5,6,5,5,6,4,4,4,5,6
162,163,142.4,833,вызывать,6,6,6,5,6,6,6,6,5,6
163,164,142.4,835,показаться,8,8,8,7,8,6,7,7,7,9
164,165,141.9,841,принести,7,6,6,7,7,6,6,7,7,8
165,166,141.7,844,выглядеть,5,7,7,7,7,7,7,7,7,7
166,167,140.3,850,служить,4,6,4,5,6,4,4,3,5,6
167,168,140.2,852,попросить,6,7,6,7,7,4,6,5,7,7
168,169,139.9,854,состоять,6,5,5,6,6,3,6,5,5,6
169,170,139.8,856,отдать,5,5,5,4,6,4,4,5,5,7
170,171,138.8,861,выступать,7,6,6,6,7,5,7,6,5,7
171,172,138.7,864,ставить,4,5,4,5,6,4,3,2,4,5
172,173,138.4,866,возникать,6,6,6,5,7,5,5,6,6,7
173,174,137.1,876,надеяться,7,8,7,6,7,7,6,7,7,8
174,175,136.2,881,подняться,7,7,7,7,7,5,6,7,8,8
175,176,135.9,882,вспоминать,7,7,7,7,7,6,7,4,6,6
176,177,135.3,887,называться,8,8,8,6,7,8,7,8,7,8
177,178,134.5,894,помогать,6,6,6,5,6,4,6,5,5,7
178,179,134.0,899,значить,4,6,4,5,6,4,3,3,5,6
179,180,133.6,900,возникнуть,7,5,7,7,5,6,6,7,8,6
180,181,131.3,912,звать,5,5,4,4,6,5,4,4,4,5
181,182,131.0,915,позвонить,6,6,5,7,6,4,5,6,7,6
182,183,130.9,917,хватать,5,4,3,4,6,4,4,4,3,5
183,184,129.9,926,выпить,4,5,3,5,6,4,3,4,4,5
184,185,129.2,931,потерять,6,6,6,6,6,4,6,6,6,7
185,186,128.4,935,иметься,7,7,6,7,8,6,6,6,8,9
186,187,127.0,945,получаться,8,8,8,7,8,6,8,8,7,9
187,188,126.9,946,учиться,5,6,5,7,8,6,5,6,8,9
188,189,125.8,951,возвращаться,10,9,9,9,10,9,9,9,8,10
189,190,125.8,952,расти,6,7,5,5,6,4,4,5,6,7
190,191,125.0,955,обнаружить,7,7,7,7,7,7,5,6,7,7
191,192,124.2,961,почувствовать,10,9,9,10,11,7,11,10,9,10
192,193,123.5,968,передать,6,6,6,5,6,5,6,6,5,7
193,194,123.1,972,желать,4,6,5,4,6,5,4,5,5,7
194,195,123.0,973,ожидать,5,5,4,4,6,5,5,5,5,7
195,196,121.6,980,составить,6,6,5,6,7,3,5,4,6,6
196,197,120.6,988,нести,6,7,5,6,7,4,5,6,7,8
197,198,120.6,989,определить,6,8,7,8,8,6,7,6,8,8
198,199,120.1,999,пользоваться,10,10,10,8,9,8,10,10,9,10
199,200,119.0,1007,улыбнуться,8,6,8,7,6,8,7,8,8,7
200,201,118.4,1011,появляться,7,8,8,8,8,6,8,8,8,9
201,202,117.9,1016,смеяться,7,8,7,7,8,7,6,6,7,8
202,203,117.4,1019,уехать,4,6,5,4,6,5,4,5,5,7
203,204,116.9,1026,подходить,6,7,6,7,7,4,6,6,7,7
204,205,116.8,1027,судить,3,6,4,5,6,4,3,3,5,6
205,206,116.7,1028,родиться,6,7,6,7,8,5,5,6,8,9
206,207,115.8,1034,отказаться,8,8,7,7,8,8,7,7,7,9
207,208,115.7,1036,считаться,7,6,5,6,8,6,7,6,6,8
208,209,115.6,1038,занять,5,5,5,4,4,5,2,4,5,5
209,210,115.5,1041,добавить,5,6,5,6,6,4,3,4,6,7
210,211,115.4,1043,звонить,4,4,3,5,5,4,3,4,5,5
211,212,115.3,1045,носить,4,6,4,5,6,2,3,4,6,7
212,213,115.1,1047,начинаться,8,7,7,6,6,8,6,7,7,7
213,214,115.0,1048,зависеть,6,5,4,5,5,6,4,5,6,6
214,215,114.9,1051,построить,6,6,5,7,7,2,6,5,7,7
215,216,114.1,1057,создавать,7,7,7,6,7,6,6,5,5,6
216,217,113.5,1062,встретить,6,6,4,7,7,5,6,5,6,7
217,218,113.5,1063,принадлежать,9,9,9,8,9,9,9,9,8,9
218,219,113.5,1064,произнести,9,7,8,9,8,7,8,8,9,8
219,220,113.0,1069,участвовать,9,8,7,7,8,7,8,8,7,8
220,221,112.7,1071,занимать,6,6,5,4,5,6,3,5,5,6
221,222,111.3,1086,улыбаться,7,8,7,6,8,7,7,7,7,9
222,223,109.9,1101,направить,6,7,6,5,6,5,5,4,6,7
223,224,108.6,1118,обратиться,7,8,6,8,8,6,5,6,8,9
224,225,107.9,1125,выбрать,5,5,5,4,6,5,5,5,4,6
225,226,107.5,1127,бить,4,5,4,5,6,4,2,4,6,7
226,227,107.3,1132,хватить,4,4,2,5,6,3,3,3,4,5
227,228,107.2,1133,обещать,5,6,5,4,6,5,4,5,5,7
228,229,106.8,1135,встречаться,9,8,8,8,9,8,9,8,7,9
229,230,106.2,1143,напоминать,7,7,7,6,6,6,6,5,7,7
230,231,106.0,1148,упасть,4,6,5,5,6,4,4,3,5,6
231,232,105.8,1149,перестать,7,7,6,6,7,4,7,7,6,7
232,233,105.2,1154,обладать,6,6,6,4,6,6,4,5,5,7
233,234,103.9,1165,плакать,5,6,5,2,4,4,4,4,4,6
234,235,103.1,1172,состояться,8,7,7,8,8,5,8,7,7,8
235,236,101.8,1187,поверить,5,6,4,6,6,3,5,5,6,7
236,237,101.6,1189,собрать,5,6,5,4,6,4,5,4,4,6
237,238,101.1,1194,простить,5,6,4,6,6,1,5,5,6,7
238,239,100.6,1201,рассматривать,10,10,9,9,10,8,9,8,8,9
239,240,100.5,1202,перейти,6,7,6,6,7,5,6,6,7,8
240,241,100.4,1203,мешать,5,6,5,4,6,5,4,5,5,7
241,242,99.9,1209,исчезнуть,7,5,7,7,5,7,6,6,6,5
242,243,99.0,1223,объявить,5,6,5,6,6,5,4,5,6,7
243,244,98.9,1224,отличаться,7,7,6,7,8,7,7,8,7,9
244,245,98.6,1227,обращаться,8,8,8,7,8,8,6,7,7,9
245,246,98.5,1231,снимать,5,5,4,4,6,5,4,3,4,6
246,247,98.2,1235,пригласить,5,7,6,7,8,6,6,6,7,8
247,248,98.1,1236,соответствовать,13,10,10,12,13,10,13,12,10,11
248,249,97.9,1241,закрыть,5,6,5,4,4,5,4,5,5,6
249,250,97.9,1242,придумать,7,6,6,6,7,6,7,6,6,7
250,251,97.8,1244,попробовать,9,9,9,8,9,7,8,8,8,9
251,252,97.8,1245,приводить,6,6,5,7,7,5,6,6,7,7
252,253,97.4,1250,достигнуть,7,5,6,8,6,4,7,7,7,6
253,254,97.3,1252,утверждать,8,6,6,7,8,8,8,8,6,7
254,255,97.0,1258,означать,6,6,6,5,6,6,5,5,5,7
255,256,96.9,1259,платить,4,5,3,4,5,2,3,3,5,6
256,257,96.5,1265,решать,5,6,5,4,6,5,4,5,5,7
257,258,95.7,1277,определять,7,8,8,8,8,7,8,7,8,8
258,259,95.5,1279,наблюдать,6,7,7,5,6,7,6,7,6,7
259,260,95.4,1282,погибнуть,6,4,6,7,5,5,6,6,7,5
260,261,95.4,1283,разговаривать,9,10,9,9,10,9,9,9,8,9
261,262,94.9,1289,устроить,5,6,5,6,6,4,5,4,6,7
262,263,94.7,1290,есть,5,6,5,5,6,4,4,5,6,7
263,264,94.5,1295,собраться,7,8,7,6,8,6,7,6,6,8
264,265,94.4,1296,достать,5,5,4,4,6,2,5,5,5,7
265,266,93.6,1309,ездить,4,6,4,5,6,4,3,4,6,7
266,267,93.1,1316,понравиться,8,9,8,8,9,6,7,7,9,9
267,268,92.3,1325,выполнять,6,6,7,7,6,5,6,6,7,6
268,269,92.1,1330,заставить,6,6,5,5,6,4,5,4,6,7
269,270,92.1,1331,объяснять,7,6,7,7,6,6,5,7,7,6
270,271,91.7,1337,выполнить,5,6,6,7,6,4,5,5,7,6
271,272,91.5,1342,указать,5,6,5,4,6,5,4,4,4,6
272,273,89.7,1363,вздохнуть,7,5,7,7,5,6,6,7,7,5
273,274,89.5,1365,находить,5,6,5,5,5,5,4,5,6,6
274,275,89.2,1367,закончить,6,6,6,6,5,5,4,6,7,6
275,276,88.9,1370,признать,6,4,5,5,5,5,5,6,5,6
276,277,88.6,1379,дойти,6,7,5,5,6,4,5,6,6,7
277,278,88.4,1383,кивнуть,5,3,5,5,4,5,4,5,6,5
278,279,88.3,1387,обратить,5,6,4,6,6,4,3,4,6,7
279,280,88.2,1394,узнавать,6,6,6,5,6,6,5,5,5,7
280,281,88.1,1395,встретиться,8,8,6,9,9,7,8,7,8,9
281,282,87.7,1402,предусмотреть,10,10,10,11,11,8,11,10,10,11
282,283,87.5,1409,обеспечивать,9,10,9,9,10,8,8,7,8,9
283,284,87.3,1413,двигаться,7,6,5,6,8,7,7,7,6,8
284,285,87.2,1417,содержать,7,7,7,6,7,6,7,6,5,6
285,286,86.8,1426,приезжать,7,6,6,6,7,6,7,7,6,7
286,287,86.4,1430,держаться,7,8,7,6,8,7,7,7,7,9
287,288,86.4,1431,обеспечить,7,8,7,8,8,6,6,5,7,7
288,289,86.0,1435,поступить,6,6,5,7,7,2,6,5,6,7
289,290,85.9,1437,привыкнуть,8,5,7,7,5,7,7,8,7,6
290,291,85.7,1440,открывать,7,6,6,6,7,7,7,7,6,7
291,292,85.3,1448,вырасти,6,6,6,6,7,6,6,6,6,7
292,293,85.2,1450,зайти,6,7,5,4,5,5,4,5,5,6
293,294,85.1,1453,посвятить,6,6,4,7,7,2,6,5,6,7
294,295,85.1,1454,стремиться,7,8,6,8,8,7,7,5,7,8
295,296,84.5,1466,измениться,7,7,7,8,7,7,6,7,8,8
296,297,84.3,1472,удивиться,6,7,5,7,8,6,6,6,8,9
297,298,84.2,1473,падать,5,6,5,3,5,4,3,3,4,6
298,299,84.1,1475,звучать,5,5,4,4,6,5,5,5,4,6
299,300,83.9,1481,суметь,4,6,5,5,6,5,4,3,5,6
300,301,83.5,1486,разработать,9,9,8,7,8,8,8,8,7,8
301,302,83.3,1489,поговорить,6,8,6,8,8,5,7,7,8,8
302,303,82.9,1495,лететь,5,5,4,4,5,4,4,5,6,7
303,304,82.9,1496,совершить,6,6,5,7,7,5,6,5,5,6
304,305,82.2,1504,строить,4,6,4,5,6,4,4,3,5,6
305,306,82.0,1508,кончиться,6,8,6,7,8,5,5,6,8,9
306,307,82.0,1510,привезти,7,6,6,7,7,6,7,7,7,8
307,308,81.6,1514,сложиться,6,8,6,7,8,6,6,5,7,8
308,309,81.4,1515,оставлять,6,7,6,6,7,5,6,5,5,6
309,310,81.4,1516,полагать,6,6,6,4,6,4,5,5,5,7
310,311,81.3,1517,висеть,5,4,3,5,6,4,4,5,5,6
311,312,80.9,1531,повторить,6,6,5,7,7,3,6,6,6,7
312,313,80.8,1533,сыграть,4,6,5,4,6,5,5,4,4,6
313,314,80.1,1541,спасти,6,7,6,6,7,4,5,3,5,6
314,315,79.9,1544,изменить,5,5,5,6,5,5,4,5,6,6
315,316,79.9,1545,повторять,7,6,6,7,7,4,7,7,6,7
316,317,79.8,1548,явиться,6,5,4,7,8,6,5,6,7,8
317,318,79.4,1553,замечать,6,6,6,4,5,6,5,5,5,6
318,319,79.4,1555,подать,5,6,5,4,6,3,4,4,5,7
319,320,79.3,1560,назначить,6,7,6,5,6,6,4,5,6,7
320,321,79.3,1561,протянуть,7,4,6,7,5,5,6,7,7,5
321,322,79.2,1564,сохранить,6,6,6,6,6,5,4,4,6,5
322,323,79.1,1566,попытаться,8,8,7,7,8,5,8,7,7,9
323,324,79.1,1567,расположить,7,9,8,8,8,6,7,6,8,8
324,325,79.0,1568,использоваться,11,12,12,10,11,10,12,10,10,11
325,326,78.2,1581,отправиться,8,8,7,8,9,7,7,6,9,9
326,327,77.9,1586,садиться,6,7,6,6,7,6,4,4,6,7
327,328,77.4,1591,встречать,7,6,6,6,7,6,7,6,5,7
328,329,77.3,1592,говориться,6,8,6,8,8,6,7,7,8,9
329,330,77.2,1593,крикнуть,6,3,5,5,3,6,5,6,6,5
330,331,76.7,1600,готовить,4,6,5,6,6,4,5,5,6,7
331,332,76.7,1602,учить,3,5,4,5,6,4,3,4,6,7
332,333,76.6,1603,гореть,4,6,5,5,6,4,4,5,6,7
333,334,76.6,1604,испытывать,8,7,7,7,8,7,8,6,6,7
334,335,76.4,1607,выделить,4,6,5,6,6,5,5,5,6,6
335,336,75.9,1611,поддерживать,9,10,9,9,10,7,9,9,9,10
336,337,75.9,1612,подниматься,8,9,8,8,9,6,7,8,8,9
337,338,75.8,1614,следить,4,6,4,5,6,4,4,3,5,6
338,339,75.5,1621,требоваться,9,8,8,8,9,9,8,9,8,9
339,340,75.4,1623,включать,6,6,6,5,6,6,6,6,5,6
340,341,75.1,1630,собирать,6,6,5,5,6,5,5,5,4,6
341,342,74.9,1633,менять,5,5,5,5,5,5,3,5,6,6
342,343,74.7,1635,делаться,6,8,7,6,8,7,6,7,7,9
343,344,74.5,1640,покупать,6,6,6,5,6,4,6,6,4,6
344,345,74.1,1646,предполагать,9,10,10,8,10,8,9,8,8,9
345,346,74.0,1648,терять,5,5,4,5,6,5,4,5,6,7
346,347,73.3,1657,послать,4,6,5,4,6,2,5,5,5,7
347,348,73.0,1660,допустить,5,7,5,7,7,3,6,5,7,7
348,349,72.7,1667,прочитать,6,6,5,6,7,4,6,6,6,7
349,350,72.5,1669,присутствовать,11,10,10,11,12,9,12,11,10,11
350,351,72.4,1671,взглянуть,5,5,7,7,5,7,6,7,7,5
351,352,72.4,1673,мечтать,5,5,4,4,6,4,5,5,5,7
352,353,72.4,1674,подписать,6,7,6,6,7,4,6,6,6,7
353,354,72.2,1678,осуществлять,8,9,9,10,10,8,10,9,9,9
354,355,72.1,1680,поступать,7,6,6,6,7,3,7,6,5,7
355,356,70.9,1704,готовиться,6,7,6,8,8,6,7,7,8,9
356,357,70.4,1713,захотеть,6,6,5,5,5,5,5,6,6,6
357,358,70.3,1716,бороться,7,8,7,7,8,6,5,7,8,9
358,359,70.3,1717,отдавать,6,6,5,5,6,6,5,5,5,7
359,360,70.2,1720,остановить,7,7,6,7,7,5,5,5,6,6
360,361,70.2,1723,приобрести,9,8,8,9,9,7,8,9,9,9
361,362,70.1,1724,включить,5,6,5,6,6,5,5,5,6,6
362,363,69.9,1727,продолжаться,9,10,10,9,10,8,10,10,9,10
363,364,69.7,1732,подтвердить,8,7,6,9,9,5,8,8,8,9
364,365,69.7,1735,спешить,4,6,4,5,6,4,4,2,5,6
365,366,69.5,1737,добиться,6,7,6,7,8,5,5,6,8,9
366,367,69.3,1745,отправить,6,6,5,6,7,5,5,4,7,7
367,368,69.3,1746,повернуться,9,6,8,9,7,7,8,9,8,7
368,369,69.1,1751,вставать,6,5,5,5,6,5,5,4,4,6
369,370,69.1,1752,подготовить,7,8,7,9,9,5,8,8,9,9
370,371,69.0,1753,исходить,5,6,5,6,6,5,5,4,6,7
371,372,68.8,1758,свидетельствовать,14,12,12,13,14,13,15,14,12,13
372,373,68.6,1759,ввести,6,6,5,6,7,5,5,6,6,7
373,374,68.6,1760,взяться,7,7,6,7,8,6,6,7,7,8
374,375,68.6,1762,прочесть,6,6,6,6,6,4,6,6,6,7
375,376,68.5,1765,болеть,4,6,5,5,6,4,3,5,6,7
376,377,68.5,1766,вернуть,5,3,5,5,4,5,4,5,5,4
377,378,68.5,1767,тянуть,5,3,4,5,4,5,3,5,6,5
378,379,68.3,1770,продать,5,6,5,4,6,4,5,5,5,7
379,380,67.8,1777,представляться,11,11,11,11,12,9,11,10,10,11
380,381,67.5,1784,произвести,9,8,8,9,9,7,8,8,9,9
381,382,67.2,1790,выступить,6,6,5,7,7,4,6,5,6,7
382,383,67.2,1792,пахнуть,5,4,5,4,3,4,3,4,5,4
383,384,67.2,1793,познакомиться,10,11,10,10,10,8,9,8,10,10
384,385,67.1,1798,наступить,6,6,5,6,6,4,5,5,6,7
385,386,66.8,1803,предстоять,8,7,7,8,8,5,8,8,8,8
386,387,66.5,1809,производить,8,8,7,9,9,6,8,8,9,9
387,388,66.4,1812,перевести,8,8,8,8,8,7,8,8,8,8
388,389,66.4,1813,разрешить,6,7,6,6,6,6,5,6,7,7
389,390,66.1,1817,проверить,6,7,5,7,7,4,6,6,7,7
390,391,66.0,1819,меняться,7,7,7,7,7,7,5,7,8,8
391,392,65.7,1828,выдержать,7,7,7,6,7,7,7,7,6,7
392,393,65.6,1833,учитывать,7,5,5,6,7,6,7,7,6,7
393,394,65.5,1834,курить,3,6,4,5,6,4,3,4,6,7
394,395,65.4,1836,забывать,6,6,6,4,5,6,5,6,5,6
395,396,65.4,1837,заключаться,8,9,9,7,8,9,8,9,8,9
396,397,65.2,1844,выбирать,6,6,5,5,6,6,5,6,5,6
397,398,65.2,1848,напомнить,6,6,6,6,5,4,4,4,7,6
398,399,65.1,1851,закричать,6,7,6,5,6,6,5,6,6,7
399,400,65.1,1852,организовать,8,9,9,8,9,9,7,8,8,9
400,401,65.0,1857,доказать,6,6,6,5,6,5,5,5,5,7
401,402,64.9,1861,приносить,6,6,5,7,7,4,5,6,7,7
402,403,64.7,1864,осуществляться,10,11,11,12,12,10,12,11,11,11
403,404,64.4,1871,дышать,5,6,5,4,6,5,4,5,5,7
404,405,64.4,1873,описать,5,5,4,4,6,4,5,4,5,7
405,406,64.2,1879,прожить,4,6,4,5,6,3,4,4,6,7
406,407,64.0,1889,оценить,4,5,4,5,5,4,3,4,6,6
407,408,63.9,1891,рассмотреть,9,8,8,8,8,7,8,8,8,8
408,409,63.7,1895,проводиться,8,9,7,9,9,6,8,8,9,9
409,410,63.5,1899,лечь,5,7,6,5,6,6,5,6,7,8
410,411,63.5,1900,превратиться,9,9,7,9,10,7,8,8,9,10
411,412,63.4,1903,выпустить,5,7,5,7,7,3,6,5,7,7
412,413,63.3,1907,ударить,4,6,4,5,6,4,3,3,5,6
413,414,63.1,1914,проснуться,8,6,8,8,6,5,7,8,8,7
414,415,63.0,1917,открыться,7,8,7,7,7,7,7,7,8,9
415,416,62.5,1930,способствовать,12,11,10,11,12,8,11,10,10,11
416,417,62.1,1940,научиться,6,8,6,6,7,6,5,6,7,8
417,418,62.0,1947,умирать,5,5,4,4,6,5,5,5,5,7
418,419,61.7,1951,стрелять,5,6,5,6,6,6,6,5,5,6
419,420,61.6,1953,обойтись,6,7,5,6,7,4,5,6,6,7
420,421,61.5,1956,записать,6,6,5,4,5,5,4,5,5,6
421,422,61.5,1959,определяться,9,10,10,10,10,9,10,9,10,10
422,423,61.4,1963,подарить,5,6,5,6,6,3,4,4,6,7
423,424,61.3,1967,приняться,7,6,6,7,7,6,6,7,8,8
424,425,61.0,1974,заставлять,7,7,7,6,7,6,7,6,6,7
425,426,60.9,1979,схватить,5,5,3,6,6,4,4,3,4,5
426,427,60.8,1981,пропасть,6,6,6,5,6,4,6,5,5,6
427,428,60.4,1987,выдать,5,5,4,4,6,5,4,5,4,6
428,429,60.1,1992,извинить,5,4,3,6,5,5,4,5,6,6
429,430,60.1,1993,разобраться,9,9,9,7,8,8,8,9,8,9
430,431,59.9,1997,опустить,4,6,4,6,6,2,5,4,6,7
431,432,59.8,1999,страдать,6,6,5,5,6,6,5,4,4,6
432,433,59.6,2000,заходить,5,6,5,5,5,5,4,5,6,6
433,434,59.6,2003,побежать,6,6,6,5,6,4,5,6,5,7
434,435,59.5,2004,броситься,6,8,6,7,8,5,5,6,8,9
435,436,59.5,2005,гулять,2,6,5,5,6,5,4,5,6,7
436,437,59.2,2016,бегать,4,6,5,4,6,5,3,5,5,7
437,438,58.9,2024,засмеяться,8,8,8,7,7,7,7,7,8,8
438,439,58.8,2028,найтись,5,6,4,4,5,4,4,5,5,6
439,440,58.8,2029,приказать,7,6,6,5,6,6,6,6,6,7
440,441,58.6,2037,устать,4,5,4,4,6,3,4,4,5,6
441,442,58.5,2040,повезти,6,7,6,6,7,4,6,6,7,8
442,443,58.2,2050,рассчитывать,9,8,8,8,9,8,8,9,8,9
443,444,58.0,2053,опубликовать,7,9,9,8,9,8,9,8,9,10
444,445,57.8,2057,радоваться,8,8,8,6,7,8,7,8,7,8
445,446,57.7,2060,выразить,5,6,5,6,6,5,4,4,6,6
446,447,57.7,2061,закончиться,8,8,8,8,7,7,6,8,9,8
447,448,57.7,2062,обернуться,8,6,8,8,6,8,6,8,8,7
448,449,57.6,2066,отпустить,5,6,4,7,7,3,6,5,7,7
449,450,57.5,2068,заговорить,6,8,6,7,7,6,6,7,8,8
450,451,57.4,2070,внести,6,6,5,6,7,5,5,6,6,7
451,452,57.4,2075,устраивать,7,7,6,6,8,6,7,6,5,7
452,453,57.2,2078,выясниться,7,7,7,8,7,6,6,7,8,7
453,454,57.1,2079,догадаться,7,8,8,7,8,7,7,7,7,9
454,455,57.0,2084,изучать,5,6,5,4,6,5,5,5,5,7
455,456,57.0,2085,интересовать,10,9,9,9,10,9,10,10,9,10
456,457,56.9,2090,поднимать,6,7,6,6,7,4,5,6,6,7
457,458,56.8,2092,развиваться,8,8,7,7,8,8,7,8,8,9
458,459,56.6,2097,обращать,6,6,6,5,6,6,4,5,5,7
459,460,56.6,2098,подождать,7,7,7,6,7,5,7,7,6,7
460,461,56.3,2108,продавать,7,7,7,6,7,5,6,6,6,7
461,462,56.2,2110,бросать,5,6,5,4,6,4,4,5,5,7
462,463,56.2,2115,поддержать,8,8,8,7,8,6,8,8,7,8
463,464,56.1,2119,запретить,6,7,5,6,6,4,5,5,7,7
464,465,56.0,2126,отмечать,6,6,5,5,6,6,6,6,5,7
465,466,55.9,2130,отойти,6,6,5,6,7,5,5,6,6,7
466,467,55.9,2131,ощущать,5,6,5,4,6,5,5,5,5,7
467,468,55.7,2137,прибыть,5,5,4,5,6,4,5,5,6,7
468,469,55.5,2144,случаться,7,8,7,6,8,7,7,6,6,8
469,470,55.4,2148,сойти,6,7,5,5,6,4,5,5,5,6
470,471,55.2,2154,поймать,5,6,5,3,5,3,5,4,4,6
471,472,55.1,2157,заключить,5,7,6,6,6,6,5,6,7,7
472,473,55.1,2159,признаться,8,6,7,7,7,7,7,8,7,8
473,474,55.0,2162,сомневаться,9,9,9,8,9,8,8,8,7,8
474,475,55.0,2163,усмехнуться,9,7,9,9,7,9,8,8,8,7
475,476,54.8,2168,договориться,8,10,8,10,10,8,9,9,10,10
476,477,54.7,2173,предоставить,9,9,8,9,10,5,8,7,9,10
477,478,54.3,2184,удаваться,7,8,7,6,8,7,6,6,6,8
478,479,54.2,2187,сходить,4,6,4,5,6,4,4,3,5,6
479,480,54.1,2190,попадать,6,6,6,5,6,4,5,4,5,7
480,481,54.1,2191,пустить,3,5,3,5,6,1,4,4,6,7
481,482,54.0,2195,указывать,7,7,7,5,6,7,6,6,5,6
482,483,53.7,2202,терпеть,5,5,4,5,6,5,5,5,5,6
483,484,53.6,2205,сдать,5,6,5,4,6,4,4,3,4,5
484,485,53.4,2210,вывести,6,6,6,6,7,6,6,6,6,7
485,486,53.4,2211,выпускать,6,7,7,5,7,5,7,6,6,7
486,487,53.1,2223,вступить,5,5,4,6,6,4,5,4,5,6
487,488,53.1,2224,спорить,4,6,4,5,6,3,4,2,5,6
488,489,53.0,2227,вытащить,5,5,4,6,6,5,4,4,6,6
489,490,52.9,2231,победить,5,6,5,6,6,3,4,5,6,7
490,491,52.9,2232,посадить,5,6,5,6,6,2,4,4,6,7
491,492,52.8,2237,обсуждать,6,7,7,6,7,6,6,6,6,7
492,493,52.7,2239,заняться,7,7,7,6,6,7,4,6,7,7
493,494,52.6,2246,переходить,7,8,7,8,8,6,7,7,8,8
494,495,52.6,2249,торопиться,7,7,6,8,8,6,7,7,7,8
495,496,52.3,2256,выиграть,5,5,5,5,6,6,6,6,5,6
496,497,52.1,2261,надеть,5,6,5,4,5,5,3,4,5,6
497,498,52.0,2265,кормить,4,6,4,5,6,3,4,3,6,7
498,499,51.6,2272,переживать,7,8,7,7,8,6,7,7,7,8
499,500,51.6,2273,потребовать,9,8,8,8,9,7,8,9,8,9
500,501,51.4,2277,жалеть,4,6,5,4,5,5,3,4,5,6
501,502,51.4,2280,сохраниться,8,8,8,8,8,7,6,6,8,7
502,503,51.3,2281,вынести,6,6,6,6,7,6,5,6,6,7
503,504,51.2,2287,отказываться,10,9,9,8,9,10,9,9,8,9
504,505,51.0,2292,заглянуть,5,5,7,6,4,7,5,7,7,5
505,506,51.0,2293,защищать,6,6,5,4,5,6,4,5,5,6
506,507,51.0,2295,основать,6,6,6,5,6,5,5,5,5,7
507,508,50.9,2299,лишить,4,5,3,4,5,4,3,4,6,7
508,509,50.9,2303,пожать,5,6,5,4,6,3,4,4,5,7
509,510,50.7,2311,уезжать,5,6,5,4,6,5,5,5,5,7
510,511,50.5,2317,воскликнуть,7,6,8,8,6,6,8,8,8,6
511,512,50.5,2318,дрожать,5,6,5,4,6,5,5,5,5,7
512,513,50.3,2324,сообщать,6,6,6,5,6,5,6,5,4,6
513,514,50.0,2330,жениться,6,7,6,7,7,6,4,6,8,8
514,515,50.0,2331,лезть,5,6,5,4,5,5,4,5,6,7
515,516,49.9,2334,волноваться,9,8,9,7,9,8,8,9,8,9
516,517,49.9,2336,поразить,5,6,5,6,6,3,4,4,6,7
517,518,49.8,2341,велеть,4,5,4,5,6,5,4,5,5,6
518,519,49.8,2345,убивать,5,5,4,4,6,5,4,5,5,7
519,520,49.7,2349,решиться,6,7,6,7,8,6,5,6,8,9
520,521,49.6,2352,добраться,7,8,7,6,8,6,7,7,7,9
521,522,49.6,2354,задуматься,8,8,8,6,7,8,7,7,7,8
522,523,49.5,2359,нуждаться,6,8,7,6,8,7,7,7,7,9
523,524,49.5,2360,позвать,5,6,5,4,6,3,5,5,5,7
524,525,49.4,2367,удивляться,7,7,7,8,8,8,8,8,8,9
525,526,49.3,2369,здравствовать,11,9,9,9,10,9,10,10,9,10
526,527,49.3,2371,передавать,8,8,8,7,8,7,7,7,7,8
527,528,49.3,2374,скрывать,6,6,6,5,6,6,6,5,4,6
528,529,49.2,2376,запомнить,6,6,6,6,5,4,4,4,7,6
529,530,49.0,2389,подавать,6,6,6,5,6,4,5,5,5,7
530,531,49.0,2390,покинуть,6,4,5,6,4,4,5,5,6,5
531,532,49.0,2391,послушать,6,7,7,6,7,4,7,6,6,7
532,533,48.9,2396,пережить,5,6,5,6,6,4,5,5,6,7
533,534,48.8,2400,продолжить,6,8,7,8,8,5,7,7,8,8
534,535,48.8,2401,раздаться,7,8,7,5,7,7,6,7,6,8
535,536,48.2,2430,оказывать,7,7,7,5,6,7,6,6,5,6
536,537,48.2,2431,превышать,7,7,6,6,7,6,7,7,6,7
537,538,48.0,2436,ловить,4,5,4,4,5,3,3,4,6,7
538,539,47.9,2438,забрать,5,6,5,3,5,5,4,5,4,6
539,540,47.8,2441,испугаться,7,8,8,7,8,8,8,6,7,9
540,541,47.8,2442,утвердить,6,5,4,7,7,6,6,6,6,7
541,542,47.7,2446,применять,7,5,6,7,6,6,6,6,7,6
542,543,47.7,2448,убедиться,6,8,6,7,8,6,5,6,8,9
543,544,47.6,2449,заменить,5,5,5,5,4,5,3,4,6,5
544,545,47.5,2454,приглашать,6,7,7,6,8,7,7,7,7,8
545,546,47.4,2459,привлечь,6,6,6,7,7,6,7,7,7,8
546,547,47.0,2472,везти,6,6,5,6,7,5,5,6,6,7
547,548,47.0,2474,убрать,4,6,5,4,6,5,4,5,5,7
548,549,46.9,2477,предположить,8,10,9,10,10,7,9,8,9,9
549,550,46.6,2488,летать,5,5,4,3,5,4,4,5,5,7
550,551,46.4,2499,признавать,8,6,7,7,7,7,7,7,7,8
551,552,46.3,2501,повести,6,7,6,6,7,4,6,6,7,8
552,553,46.3,2502,подчеркнуть,9,7,9,8,6,7,8,9,9,7
553,554,46.3,2503,покрыть,5,6,5,5,5,3,5,5,6,7
554,555,46.3,2505,предпочитать,9,9,8,9,10,7,9,8,8,9
555,556,46.3,2506,прислать,5,5,5,5,6,4,6,6,5,7
556,557,46.1,2511,жаловаться,8,8,8,6,7,8,7,8,7,8
557,558,46.1,2513,решаться,7,8,7,6,8,7,6,7,7,9
558,559,46.1,2514,успокоиться,8,9,8,8,8,6,8,6,8,9
559,560,46.0,2515,исключить,5,7,6,7,7,6,6,5,6,7
560,561,45.9,2522,отсутствовать,10,9,9,10,11,9,11,10,9,10
561,562,45.7,2530,владеть,5,5,5,4,5,5,4,4,5,6
562,563,45.5,2537,торчать,5,5,4,4,6,4,5,5,5,7
563,564,45.2,2546,постараться,9,8,8,8,9,5,8,7,7,9
564,565,45.2,2547,соединить,6,6,5,7,6,5,5,5,6,5
565,566,45.2,2548,убедить,4,6,4,5,6,4,3,4,6,7
566,567,45.1,2550,задавать,6,6,6,4,5,6,5,5,5,6
567,568,45.0,2552,заложить,5,6,5,5,5,5,4,5,6,6
568,569,44.8,2562,реализовать,7,8,8,7,8,8,7,7,7,8
569,570,44.6,2566,выяснить,5,5,5,6,5,4,4,5,6,5
570,571,44.5,2568,исполнять,6,6,7,7,6,5,6,5,6,6
571,572,44.5,2569,общаться,7,8,7,6,8,6,6,7,7,9
572,573,44.5,2571,повернуть,7,4,6,7,5,5,6,7,6,5
573,574,44.4,2573,останавливаться,11,11,10,11,12,10,10,10,10,11
574,575,44.2,2577,совершать,7,6,6,6,7,6,7,6,4,6
575,576,44.1,2578,воевать,5,5,5,4,6,4,5,5,4,6
576,577,44.1,2579,выдавать,6,6,6,5,6,6,5,5,5,6
577,578,44.1,2580,задать,5,6,5,3,5,5,3,4,4,6
578,579,44.1,2581,ненавидеть,7,7,6,7,7,7,6,6,7,7
579,580,44.1,2582,родить,4,6,4,5,6,3,3,4,6,7
580,581,44.0,2585,наступать,7,6,6,5,6,5,6,6,5,7
581,582,43.8,2590,выявить,4,5,4,5,6,4,4,4,5,6
582,583,43.8,2592,предупредить,8,10,9,10,10,8,9,8,9,9
583,584,43.7,2594,набрать,5,6,5,3,5,5,4,5,4,6
584,585,43.7,2595,предназначить,10,10,10,9,10,9,8,9,9,10
585,586,43.6,2602,уничтожить,7,6,5,8,8,6,7,7,8,8
586,587,43.6,2603,учесть,4,6,5,5,6,5,4,5,6,7
587,588,43.5,2606,освободить,7,7,6,8,8,6,6,6,6,6
588,589,43.4,2612,воспринимать,9,9,8,9,9,7,8,7,8,8
589,590,43.4,2617,прекратить,7,8,6,6,7,5,6,6,7,8
590,591,43.3,2624,увеличить,5,6,4,7,7,6,6,6,6,6
591,592,43.2,2625,наблюдаться,8,9,9,7,8,9,8,9,8,9
592,593,43.2,2627,объединить,7,7,6,8,7,7,5,7,8,7
593,594,43.2,2628,подозревать,9,9,9,8,9,7,9,9,8,9
594,595,43.2,2631,справиться,7,8,7,8,8,6,6,4,7,8
595,596,43.2,2632,съесть,5,6,5,5,6,5,4,4,5,6
596,597,43.1,2634,вестись,5,6,4,6,7,3,5,5,6,7
597,598,43.1,2636,отнести,6,6,6,6,7,6,5,6,7,8
598,599,43.1,2638,упомянуть,7,5,7,7,5,5,6,5,7,5
599,600,42.9,2646,отдыхать,6,6,5,5,6,6,6,6,5,7
600,601,42.9,2648,проверять,7,7,6,7,7,5,7,7,7,7
601,602,42.8,2654,врать,5,5,4,4,6,5,4,4,4,6
602,603,42.7,2659,заработать,8,8,7,6,7,7,7,7,6,7
603,604,42.7,2660,превращаться,10,9,9,9,10,9,9,9,8,10
604,605,42.6,2666,создаваться,9,9,9,8,9,8,8,7,7,8
605,606,42.5,2668,плыть,4,6,5,5,6,4,4,4,6,6
606,607,42.5,2669,побывать,6,6,6,5,6,4,5,6,5,7
607,608,42.2,2688,рассматриваться,12,12,11,11,12,10,11,10,10,11
608,609,42.2,2689,уважать,5,5,4,4,6,5,4,4,3,5
609,610,42.1,2690,выскочить,6,7,6,6,6,5,6,5,7,7
610,611,42.1,2692,образоваться,10,10,10,8,9,10,8,9,8,9
611,612,42.1,2693,проговорить,7,9,7,9,9,6,8,8,9,9
612,613,42.1,2694,хранить,4,5,4,5,5,4,2,3,5,5
613,614,41.7,2706,обрадоваться,10,10,10,8,9,10,8,9,8,9
614,615,41.7,2708,пропустить,6,8,6,8,8,3,7,6,8,8
615,616,41.7,2710,танцевать,7,6,6,5,6,7,5,7,6,7
616,617,41.6,2713,дождаться,7,8,7,6,8,6,7,7,7,9
617,618,41.6,2714,избрать,5,6,5,4,6,5,5,5,5,7
618,619,41.5,2721,завести,6,7,6,5,6,6,5,6,6,7
619,620,41.5,2722,захватить,6,6,4,5,6,5,5,5,6,7
620,621,41.5,2723,оглянуться,7,6,8,8,6,8,7,8,8,7
621,622,41.5,2724,описывать,7,6,6,6,7,5,7,6,6,7
622,623,41.5,2725,сунуть,4,4,5,5,4,5,3,4,5,4
623,624,41.4,2727,исчезать,6,6,6,5,6,6,6,5,5,7
624,625,41.4,2728,разделить,5,7,6,6,6,6,5,6,7,7
625,626,41.4,2729,складываться,10,10,10,7,8,10,9,8,7,8
626,627,41.2,2735,последовать,8,9,9,7,8,6,9,8,7,8
627,628,41.1,2738,отражать,6,6,5,5,6,6,5,5,5,7
628,629,41.0,2742,приближаться,8,9,8,9,10,8,9,9,9,10
629,630,40.9,2745,вступать,6,5,5,5,6,5,6,5,4,6
630,631,40.9,2748,надоесть,6,6,6,5,5,6,5,6,6,6
631,632,40.8,2752,интересоваться,12,11,11,11,12,11,12,12,11,12
632,633,40.8,2754,подлежать,6,7,7,6,7,5,7,7,6,7
633,634,40.8,2756,произносить,8,7,7,9,8,6,7,8,9,8
634,635,40.8,2757,раскрыть,6,6,6,4,4,5,5,6,6,6
635,636,40.7,2760,арестовать,8,7,7,7,8,6,8,7,7,8
636,637,40.7,2764,целовать,6,6,6,5,6,6,6,6,5,7
637,638,40.6,2769,орать,5,6,5,4,6,4,4,4,5,6
638,639,40.6,2770,отвести,6,6,5,6,7,6,6,6,7,8
639,640,40.6,2771,тянуться,7,5,6,7,6,7,5,7,8,7
640,641,40.5,2773,достаться,7,7,6,6,8,4,7,7,7,9
641,642,40.5,2776,полагаться,8,8,8,6,8,6,7,7,7,9
642,643,40.4,2785,открываться,9,8,8,8,9,9,9,9,8,9
643,644,40.4,2787,сохранять,7,6,7,6,6,6,5,5,6,5
644,645,40.3,2791,воспользоваться,12,13,13,11,12,11,13,11,11,12
645,646,40.2,2799,махнуть,5,4,5,4,3,5,3,5,5,4
646,647,40.1,2810,приобретать,9,8,7,8,9,6,8,9,8,9
647,648,40.1,2811,сложить,4,6,4,5,6,4,4,3,5,6
648,649,40.0,2812,вскочить,5,6,5,6,6,5,5,4,6,6
649,650,40.0,2813,выражать,6,6,6,5,6,6,5,5,5,6
650,651,40.0,2815,понадобиться,9,10,9,9,9,7,8,8,9,9
651,652,39.9,2820,поглядеть,5,7,7,7,7,5,7,7,7,7
652,653,39.9,2821,сделаться,6,8,7,6,8,7,7,6,6,8
653,654,39.8,2825,поинтересоваться,14,12,12,13,14,11,13,14,13,14
654,655,39.7,2831,признаваться,10,8,9,9,9,9,9,9,9,10
655,656,39.6,2834,высказать,7,7,7,5,6,6,6,5,5,7
656,657,39.5,2842,ложиться,6,7,6,6,7,5,5,6,8,9
657,658,39.5,2844,проявить,5,6,5,6,6,3,5,5,6,7
658,659,39.5,2846,спуститься,6,8,6,8,8,4,7,5,7,8
659,660,39.4,2851,влиять,4,5,4,5,6,5,4,5,5,6
660,661,39.4,2852,довести,6,7,6,6,7,5,6,6,7,8
661,662,39.3,2858,содержаться,9,9,9,8,9,8,9,8,7,8
662,663,39.2,2866,подтверждать,10,8,8,9,10,7,10,10,8,9
663,664,39.1,2869,защитить,5,5,3,5,5,4,4,5,6,6
664,665,39.1,2871,исполнить,5,6,6,7,6,4,5,4,6,6
665,666,38.9,2875,заплатить,5,7,5,5,6,4,5,4,6,7
666,667,38.9,2878,управлять,6,7,7,6,7,6,6,5,6,7
667,668,38.8,2884,спрятать,6,6,5,5,6,4,6,4,4,6
668,669,38.7,2888,привлекать,7,7,7,6,8,7,8,8,6,8
669,670,38.6,2894,исследовать,8,9,9,7,8,8,9,8,7,8
670,671,38.5,2902,нанести,6,7,6,5,6,6,4,6,6,7
671,672,38.5,2903,приготовить,7,7,6,9,9,6,8,8,9,9
672,673,38.5,2904,прыгать,5,6,5,4,6,4,5,5,5,7
673,674,38.3,2909,вынудить,5,5,5,6,6,5,4,5,6,6
674,675,38.3,2911,пояснить,5,5,5,6,5,2,4,5,6,6
675,676,38.2,2915,контролировать,10,10,10,10,11,9,10,11,11,12
676,677,38.2,2917,применяться,9,7,8,9,8,8,8,8,9,8
677,678,38.2,2918,руководить,6,8,6,8,8,6,7,7,8,8
678,679,38.2,2919,строиться,6,7,6,7,8,6,6,5,7,8
679,680,38.1,2924,рассчитать,7,7,6,6,7,6,6,7,6,8
680,681,38.1,2929,шутить,3,5,3,5,6,3,3,4,6,7
681,682,38.0,2932,молиться,5,7,6,7,8,5,5,6,8,9
682,683,37.8,2942,восстановить,9,8,8,9,9,6,7,7,8,8
683,684,37.8,2943,вынуть,5,3,4,5,4,5,3,5,5,4
684,685,37.5,2963,рисовать,6,6,6,5,6,5,6,6,5,7
685,686,37.4,2968,рекомендовать,11,10,11,10,10,10,10,10,10,10
686,687,37.3,2974,приниматься,8,8,7,8,9,7,7,8,8,9
687,688,37.2,2978,настаивать,7,7,6,6,7,5,6,6,5,7
688,689,37.1,2988,придавать,7,6,6,6,7,6,6,6,6,7
689,690,37.0,2991,глянуть,4,4,5,5,4,5,4,5,6,5
690,691,37.0,2992,доставить,6,6,5,6,7,3,5,4,6,7
691,692,37.0,2993,замереть,6,6,6,5,5,6,5,5,6,6
692,693,37.0,2995,оказать,5,6,5,4,6,5,4,4,4,6
693,694,36.8,3004,планировать,8,8,8,6,7,7,6,7,7,8
694,695,36.7,3011,осуществить,7,8,7,9,9,6,8,7,8,8
695,696,36.7,3012,отозваться,8,8,7,7,8,7,8,8,7,9
696,697,36.7,3013,разбить,4,6,4,4,5,4,3,4,5,6
697,698,36.7,3014,разойтись,7,8,6,6,7,5,6,7,7,8
698,699,36.6,3019,перенести,8,7,8,8,7,7,7,8,8,8
699,700,36.5,3026,испытать,6,6,5,5,6,5,6,4,5,7
700,701,36.4,3032,закрывать,7,7,7,5,6,7,6,7,6,7
701,702,36.4,3033,окончить,5,6,5,6,6,4,4,5,6,7
702,703,36.4,3034,оценивать,6,7,6,6,7,6,5,6,6,7
703,704,35.9,3062,нарушить,5,6,5,5,5,5,4,5,6,6
704,705,35.9,3063,ощутить,4,5,3,5,6,3,4,4,6,7
705,706,35.8,3068,научить,4,6,4,4,5,4,3,4,5,6
706,707,35.8,3071,сопровождать,10,9,9,9,10,8,10,8,7,9
707,708,35.7,3081,пробовать,7,7,7,6,7,5,6,7,6,7
708,709,35.7,3082,стучать,5,6,5,4,6,5,5,4,4,6
709,710,35.5,3096,выставить,6,6,5,6,7,4,5,4,6,7
710,711,35.5,3097,напечатать,8,8,7,6,7,6,7,6,7,8
711,712,35.5,3099,прикрыть,6,5,5,5,5,5,6,6,6,7
712,713,35.5,3100,пускать,4,6,5,3,5,3,5,5,5,7
713,714,35.5,3102,сиять,5,5,4,5,6,4,4,4,5,6
714,715,35.4,3105,делиться,5,7,6,7,8,6,5,6,8,9
715,716,35.4,3109,проживать,6,7,6,6,7,5,6,6,6,7
716,717,35.3,3114,изобразить,7,8,7,7,8,6,5,6,7,8
717,718,35.3,3115,изучить,4,6,4,5,6,4,4,4,6,7
718,719,35.3,3119,подвести,7,7,7,7,7,5,7,7,7,8
719,720,35.3,3120,призвать,6,5,5,5,6,5,6,6,5,7
720,721,35.3,3121,производиться,10,10,9,11,11,8,10,10,11,11
721,722,35.2,3124,достигать,6,6,5,6,7,3,6,6,6,7
722,723,35.1,3128,допускать,6,7,7,5,7,5,7,6,6,7
723,724,35.1,3130,посылать,5,6,6,5,6,3,6,6,5,7
724,725,35.1,3134,утратить,5,5,3,6,6,4,4,4,6,7
725,726,35.0,3137,захотеться,8,8,7,7,7,7,7,8,8,8
726,727,35.0,3138,класть,5,6,5,4,5,5,4,4,5,6
727,728,34.9,3145,возразить,6,7,6,6,7,5,5,5,6,7
728,729,34.9,3146,грозить,3,6,4,5,6,4,4,4,6,7
729,730,34.9,3151,подобрать,7,7,7,6,7,5,7,7,6,7
730,731,34.8,3154,образовывать,10,10,9,8,9,9,8,9,8,9
731,732,34.8,3156,предполагаться,11,12,12,10,12,10,11,10,10,11
732,733,34.8,3157,проявлять,6,7,7,7,7,5,7,7,7,7
733,734,34.8,3160,устанавливать,9,9,8,9,10,9,8,8,8,9
734,735,34.7,3163,водить,4,5,3,5,6,3,3,4,5,6
735,736,34.6,3169,помолчать,6,7,7,6,7,5,7,6,6,7
736,737,34.4,3180,постоять,6,5,5,6,6,2,6,6,6,7
737,738,34.4,3182,сдавать,5,6,5,4,6,5,4,3,3,5
738,739,34.3,3186,демонстрировать,12,11,11,12,12,9,11,12,11,12
739,740,34.3,3190,посидеть,6,6,5,6,6,3,5,5,6,7
740,741,34.3,3191,распространить,11,10,10,10,10,7,9,8,10,10
741,742,34.3,3192,спускаться,7,8,8,6,8,6,8,6,6,8
742,743,34.2,3196,догадываться,9,10,10,8,9,9,9,9,8,9
743,744,34.2,3197,изображать,8,8,8,7,8,7,6,7,7,8
744,745,34.1,3206,бродить,4,6,4,5,6,4,3,4,6,7
745,746,34.0,3222,опираться,7,7,6,6,8,7,7,6,7,9
746,747,34.0,3223,посоветовать,10,8,8,9,10,6,10,9,7,8
747,748,34.0,3224,разглядывать,8,10,10,8,9,10,9,10,9,10
748,749,33.9,3230,задержать,7,7,7,5,6,7,6,7,6,7
749,750,33.9,3233,нарисовать,8,7,7,6,7,7,6,7,7,8
750,751,33.9,3234,одеть,5,6,5,5,6,4,4,5,6,7
751,752,33.9,3237,располагаться,10,11,11,9,10,9,10,8,9,10
752,753,33.8,3239,беседовать,8,8,8,7,8,7,7,7,6,8
753,754,33.8,3241,заболеть,5,6,6,5,5,6,5,6,6,6
754,755,33.8,3245,превратить,7,7,5,7,8,5,6,6,7,8
755,756,33.7,3252,доверять,6,6,5,6,6,5,6,6,6,7
756,757,33.7,3255,налить,3,6,4,4,5,4,2,3,5,6
757,758,33.7,3257,отдохнуть,7,4,6,7,5,6,6,7,7,5
758,759,33.7,3258,покачать,6,6,6,5,6,4,5,5,5,7
759,760,33.7,3260,течь,6,6,5,6,7,5,5,6,7,8
760,761,33.6,3262,гнать,4,5,5,4,5,5,3,4,5,6
761,762,33.6,3265,обусловить,5,8,7,8,8,6,6,6,8,8
762,763,33.5,3273,связывать,7,6,6,6,7,7,7,6,4,5
763,764,33.5,3275,удивить,4,5,3,5,6,4,4,4,6,7
764,765,33.4,3280,биться,6,6,5,7,8,6,4,6,8,9
765,766,33.3,3290,браться,7,7,6,6,8,6,5,6,7,8
766,767,33.3,3294,присесть,6,5,5,6,6,4,6,6,6,7
767,768,33.3,3297,тратить,4,4,2,5,6,3,3,3,5,6
768,769,33.2,3299,разрушить,6,7,6,6,6,6,5,6,7,7
769,770,33.1,3300,волновать,7,6,7,5,7,6,6,7,6,7
770,771,33.1,3305,окружить,5,6,5,6,6,5,5,5,6,7
771,772,33.1,3306,плавать,5,6,5,3,5,4,4,4,4,6
772,773,33.1,3308,развивать,6,6,5,5,6,6,5,6,6,7
773,774,33.1,3309,спасать,5,6,5,4,6,4,4,2,3,5
774,775,33.0,3313,видеться,7,6,5,7,8,7,6,7,7,8
775,776,33.0,3314,возглавлять,7,9,9,7,8,8,8,8,8,9
776,777,33.0,3320,обязать,5,6,5,4,6,5,4,5,5,7
777,778,32.9,3326,гордиться,5,8,6,7,8,5,6,6,8,9
778,779,32.9,3327,доказывать,8,8,8,6,7,7,7,7,6,7
779,780,32.9,3329,проявляться,8,9,9,9,9,7,9,9,9,9
780,781,32.9,3331,сообразить,7,8,7,7,8,6,5,5,6,7
781,782,32.8,3333,заказать,6,6,6,4,5,6,5,5,5,6
782,783,32.8,3337,трогать,5,5,4,4,6,5,5,5,5,7
783,784,32.7,3339,завершить,6,6,5,6,6,6,5,6,6,7
784,785,32.6,3349,отменить,5,5,4,6,5,5,4,5,6,6
785,786,32.6,3351,попасться,7,8,7,7,8,5,7,6,7,8
786,787,32.6,3352,поцеловать,7,8,8,7,8,6,8,8,7,8
787,788,32.6,3353,пугать,3,6,5,4,6,4,4,4,5,7
788,789,32.5,3356,избежать,6,6,6,5,6,6,5,6,5,7
789,790,32.5,3360,подхватить,7,7,5,7,8,4,6,6,7,8
790,791,32.5,3361,потрясти,7,7,7,7,7,5,7,7,7,8
791,792,32.5,3362,предоставлять,10,10,10,10,11,7,10,9,9,10
792,793,32.5,3364,советовать,8,6,6,7,8,6,8,7,5,6
793,794,32.4,3370,выбросить,6,7,6,7,7,5,5,6,7,7
794,795,32.4,3371,доложить,5,6,5,6,6,4,5,5,6,7
795,796,32.4,3374,объясняться,9,8,9,9,8,8,7,9,9,8
796,797,32.4,3377,скрыть,5,6,5,5,5,5,4,4,5,6
797,798,32.3,3381,обидеться,7,7,6,7,8,7,6,7,8,9
798,799,32.3,3382,отказать,6,6,5,5,6,6,5,5,5,7
799,800,32.3,3383,повесить,5,6,4,6,6,3,5,5,6,7
800,801,32.3,3384,посетить,5,6,4,6,6,1,5,5,6,7
801,802,32.3,3386,разбираться,8,9,8,7,8,8,7,8,8,9
802,803,32.2,3389,двинуться,7,4,5,7,6,7,6,7,7,6
803,804,32.2,3391,замолчать,6,7,7,5,6,6,6,6,6,7
804,805,32.2,3393,окружать,6,6,6,5,6,6,6,6,5,7
805,806,32.2,3399,успевать,6,6,6,5,6,6,6,4,5,7
806,807,32.1,3402,обрести,6,7,6,6,7,6,5,6,7,8
807,808,32.1,3404,подчеркивать,9,10,9,8,9,7,9,9,9,10
808,809,32.0,3413,переводить,7,8,6,8,8,6,7,7,8,8
809,810,32.0,3414,полезть,5,6,5,5,6,3,5,5,6,7
810,811,32.0,3416,храниться,6,7,6,7,7,6,4,5,7,7
811,812,31.8,3431,вырваться,7,7,7,6,8,7,7,7,6,8
812,813,31.8,3432,заинтересовать,12,10,10,10,11,11,10,12,11,12
813,814,31.8,3433,издать,5,5,5,4,6,5,4,5,5,7
814,815,31.8,3434,помешать,6,6,6,5,6,4,6,5,5,7
815,816,31.8,3441,ценить,4,5,4,5,5,4,2,4,6,6
816,817,31.7,3446,сравнить,5,5,5,5,5,5,3,3,4,4
817,818,31.6,3454,тащить,4,5,3,4,5,4,2,3,5,6
818,819,31.5,3458,совпадать,7,6,6,6,7,6,6,4,4,6
819,820,31.4,3459,благодарить,7,9,8,6,7,7,6,7,7,8
820,821,31.4,3461,направиться,8,9,8,7,8,7,7,6,8,9
821,822,31.4,3462,пообещать,7,7,7,6,7,5,6,7,6,7
822,823,31.4,3463,развернуть,8,5,7,7,5,8,6,8,7,6
823,824,31.3,3474,прозвучать,8,7,7,7,7,6,8,8,7,8
824,825,31.3,3477,соглашаться,7,9,9,7,9,8,8,7,7,8
825,826,31.2,3483,доставать,7,6,6,6,7,4,6,5,5,7
826,827,31.2,3484,зарегистрировать,12,12,11,12,13,11,12,13,12,13
827,828,31.2,3488,обмануть,6,4,6,6,4,6,3,5,6,5
828,829,31.2,3489,обнять,5,5,5,5,5,4,3,5,6,6
829,830,31.2,3490,оглядываться,9,10,10,8,9,10,10,10,9,10
830,831,31.2,3491,опасаться,7,8,7,6,8,6,6,5,6,8
831,832,31.2,3495,сменить,4,5,4,5,5,4,3,3,5,5
832,833,31.1,3501,рассуждать,7,8,8,6,7,7,7,7,6,8
833,834,31.1,3504,украсть,5,6,5,5,6,5,5,5,6,7
834,835,31.0,3507,заявлять,5,6,6,5,5,6,5,6,6,6
835,836,31.0,3508,ошибиться,6,7,5,7,8,6,6,6,8,9
836,837,31.0,3510,повысить,5,6,4,6,6,3,5,5,6,7
837,838,31.0,3513,поручить,5,6,5,6,6,3,5,5,6,7
838,839,30.9,3520,заполнить,5,6,6,6,5,4,4,5,7,6
839,840,30.9,3525,опуститься,6,8,6,8,8,4,7,6,8,9
840,841,30.9,3527,развести,7,7,7,6,6,7,6,7,7,7
841,842,30.8,3529,заплакать,6,7,7,4,6,6,6,5,6,7
842,843,30.8,3530,заслужить,5,7,6,6,6,5,5,5,7,7
843,844,30.8,3531,засыпать,6,6,6,4,5,5,5,5,4,6
844,845,30.8,3536,преодолеть,7,8,8,8,8,6,8,8,8,8
845,846,30.8,3538,трудиться,6,7,5,7,8,6,6,6,8,9
846,847,30.7,3545,пожалеть,5,6,6,6,6,4,5,5,6,7
847,848,30.6,3552,лечить,4,6,4,4,5,4,3,4,6,7
848,849,30.5,3559,валяться,6,7,6,6,7,7,5,6,6,7
849,850,30.5,3562,зарабатывать,10,9,9,8,9,9,8,9,8,9
850,851,30.5,3564,охватить,5,5,3,6,6,4,4,4,5,6
851,852,30.5,3565,предусматривать,11,12,11,11,12,9,11,10,10,11
852,853,30.4,3569,выражаться,8,8,8,7,8,8,7,7,7,8
853,854,30.4,3570,доходить,5,6,5,6,6,4,5,5,6,7
854,855,30.4,3572,обидеть,5,5,4,5,6,5,4,5,6,7
855,856,30.4,3573,обойти,6,7,6,6,7,5,5,6,6,7
856,857,30.4,3578,сломать,5,6,5,4,6,5,5,3,4,6
857,858,30.3,3580,вытянуть,6,3,5,6,4,6,5,6,6,4
858,859,30.3,3581,даваться,7,7,6,5,7,7,5,6,6,8
859,860,30.3,3584,отвернуться,9,5,7,9,7,9,8,9,8,7
860,861,30.3,3587,прощать,5,6,5,4,6,4,5,5,5,7
861,862,30.3,3588,рухнуть,4,4,5,5,4,5,4,5,6,5
862,863,30.3,3589,свернуть,6,3,5,6,4,6,5,5,4,3
863,864,30.3,3590,стесняться,8,7,7,8,7,7,7,7,7,7
864,865,30.2,3591,возражать,7,7,7,6,7,6,6,6,6,7
865,866,30.2,3593,выделяться,7,8,8,8,8,8,8,8,8,8
866,867,30.2,3596,осветить,5,5,3,6,6,3,5,4,5,6
867,868,30.2,3597,приступить,7,6,5,8,7,4,7,6,7,8
868,869,30.2,3598,пробормотать,10,10,9,9,10,7,9,9,9,10
869,870,30.1,3602,длиться,5,6,5,7,8,6,5,6,8,9
870,871,30.1,3604,изложить,5,6,5,6,6,5,5,5,6,7
871,872,30.1,3607,обозначить,7,7,7,7,7,6,5,6,7,8
872,873,30.1,3608,полюбить,5,6,5,6,6,3,5,5,6,7
873,874,30.1,3610,проиграть,6,6,6,6,7,5,6,6,6,7
874,875,30.1,3612,распахнуть,8,6,8,6,5,7,6,5,6,5
875,876,30.0,3621,провожать,7,7,6,6,7,5,7,7,6,7
876,877,30.0,3622,реагировать,8,8,8,7,8,8,7,7,7,8
877,878,30.0,3623,рисковать,7,7,7,5,6,6,7,6,6,7
878,879,30.0,3624,устроиться,7,8,7,8,8,6,7,6,8,9
879,880,29.9,3631,увеличиться,7,8,6,9,9,8,8,8,8,8
880,881,29.8,3633,кончить,4,6,4,5,6,3,3,4,6,7
881,882,29.8,3638,столкнуться,8,6,8,8,6,8,8,8,8,6
882,883,29.7,3640,заснуть,5,4,5,4,3,4,3,5,5,4
883,884,29.7,3644,свести,6,6,5,6,7,5,5,5,5,6
884,885,29.6,3648,отправляться,9,9,9,9,10,9,9,8,9,10
885,886,29.6,3650,сбить,4,5,4,5,6,3,3,3,5,6
886,887,29.5,3659,кончаться,7,8,7,6,8,6,6,7,7,9
887,888,29.5,3662,нарушать,6,6,6,4,5,6,5,6,5,6
888,889,29.4,3670,выпасть,5,5,5,5,6,5,5,4,4,5
889,890,29.4,3671,добиваться,8,8,7,7,8,7,7,8,7,9
890,891,29.4,3674,предупреждать,10,11,11,10,11,10,11,10,9,10
891,892,29.4,3675,прервать,6,6,6,5,6,5,6,6,5,7
892,893,29.4,3679,счесть,5,6,5,5,6,5,4,4,5,6
893,894,29.3,3684,варить,4,5,3,4,5,4,2,3,4,5
894,895,29.3,3687,полететь,6,6,5,6,6,3,6,6,6,7
895,896,29.3,3688,призывать,7,6,6,6,7,6,7,7,6,7
896,897,29.2,3693,выбраться,7,7,7,6,8,7,7,7,6,8
897,898,29.2,3694,выделять,5,6,6,6,6,6,6,6,6,6
898,899,29.2,3699,расстрелять,8,8,8,8,8,7,8,8,8,8
899,900,29.1,3710,разглядеть,6,8,8,7,7,8,7,8,8,8
900,901,29.1,3712,успокоить,6,7,6,6,6,4,6,4,6,7
901,902,29.0,3718,кинуться,7,5,6,7,6,7,5,7,8,7
902,903,29.0,3720,переставать,9,8,8,8,9,6,8,7,7,9
903,904,28.9,3736,формироваться,10,10,10,10,11,9,10,9,10,11
904,905,28.8,3739,заглядывать,7,9,9,7,8,9,8,9,8,9
905,906,28.8,3740,задумываться,9,10,10,8,9,10,9,9,9,10
906,907,28.8,3741,командовать,9,8,9,7,8,8,7,8,7,8
907,908,28.8,3745,мыть,5,6,5,5,6,5,4,4,6,7
908,909,28.8,3747,отобрать,6,6,5,5,6,5,6,6,5,7
909,910,28.8,3750,хохотать,6,6,5,5,6,4,6,6,5,7
910,911,28.7,3756,скрыться,7,8,7,7,7,7,6,6,7,8
911,912,28.6,3758,видать,5,4,3,4,6,5,4,5,4,6
912,913,28.6,3759,выжить,4,5,3,5,6,4,3,4,5,6
913,914,28.6,3760,выносить,5,6,5,6,6,4,4,5,6,6
914,915,28.6,3763,записывать,8,7,7,6,7,6,6,7,7,8
915,916,28.6,3766,перебить,5,6,5,6,6,4,5,5,6,7
916,917,28.6,3772,тронуть,5,3,4,5,4,5,4,5,6,5
917,918,28.4,3787,прятаться,7,7,6,6,8,5,7,7,7,9
918,919,28.4,3788,размышлять,7,8,8,7,7,8,7,7,8,8
919,920,28.3,3797,располагать,8,9,9,7,8,7,8,6,7,8
920,921,28.2,3807,ломать,5,6,5,3,5,4,4,4,5,7
921,922,28.2,3811,рваться,7,6,5,6,8,6,6,6,6,7
922,923,28.1,3818,беспокоиться,9,10,9,9,9,7,8,7,9,10
923,924,28.1,3819,заканчиваться,10,10,10,9,9,10,8,9,9,10
924,925,28.1,3820,оформить,5,6,5,6,6,4,5,4,6,7
925,926,28.1,3825,шептать,5,5,4,4,6,4,5,5,5,6
926,927,28.0,3830,миновать,6,6,6,5,6,6,5,6,5,7
927,928,28.0,3834,разделять,6,7,7,6,6,7,6,7,7,7
928,929,28.0,3836,сформулировать,10,11,11,10,11,10,11,9,10,11
929,930,27.9,3838,наполнить,5,6,6,6,5,4,4,5,7,6
930,931,27.9,3842,поздравлять,8,9,9,8,9,7,8,8,8,9
931,932,27.9,3843,покидать,6,6,5,5,6,4,5,5,5,7
932,933,27.8,3845,блестеть,6,6,5,5,6,4,5,6,6,7
933,934,27.8,3846,вносить,4,5,4,5,6,3,4,4,5,6
934,935,27.8,3849,коснуться,7,6,7,7,6,5,6,7,8,7
935,936,27.8,3853,потребоваться,11,10,10,10,11,9,10,11,10,11
936,937,27.7,3857,вложить,4,5,4,5,6,4,4,4,5,6
937,938,27.7,3863,понести,6,7,6,6,7,4,5,6,7,8
938,939,27.7,3865,прошептать,8,8,7,7,8,5,8,8,6,7
939,940,27.7,3866,рассмеяться,9,9,9,8,8,8,8,8,9,9
940,941,27.7,3870,творить,4,4,2,5,6,4,4,4,5,6
941,942,27.6,3879,планироваться,10,10,10,8,9,9,8,9,9,10
942,943,27.6,3884,уступать,6,6,6,5,6,5,6,5,4,6
943,944,27.5,3892,обсудить,5,6,5,6,6,4,4,5,6,7
944,945,27.5,3893,оторвать,6,6,5,5,6,5,6,6,5,7
945,946,27.5,3895,убежать,5,6,5,4,6,5,4,5,5,7
946,947,27.4,3898,добавлять,6,7,7,6,7,6,5,6,6,7
947,948,27.4,3903,поделиться,6,8,7,8,8,5,7,7,8,9
948,949,27.4,3904,потянуться,8,6,8,8,6,6,7,8,8,7
949,950,27.3,3907,выслушать,6,6,7,6,7,6,7,6,6,7
950,951,27.3,3910,набирать,6,6,5,4,5,6,4,5,5,6
951,952,27.3,3911,отрезать,6,6,5,5,6,6,6,6,5,7
952,953,27.2,3915,заботиться,7,8,6,7,7,6,6,7,8,8
953,954,27.2,3920,почитать,6,5,4,5,6,3,5,5,5,7
954,955,27.1,3924,вводить,4,5,3,5,6,4,4,4,5,6
955,956,27.1,3929,пожелать,5,6,6,5,6,4,6,6,5,7
956,957,27.1,3930,посещать,6,6,6,5,6,3,6,6,5,7
957,958,27.1,3931,потянуть,6,4,6,6,4,4,5,6,6,5
958,959,27.1,3932,походить,5,6,5,6,6,3,5,5,6,7
959,960,27.1,3933,прижать,5,5,4,4,6,4,5,5,5,7
960,961,27.1,3934,прислушиваться,10,10,10,10,11,9,11,10,10,11
961,962,27.1,3936,торговать,6,6,6,6,7,6,7,7,6,7
962,963,27.0,3938,гарантировать,9,10,9,9,9,9,8,9,9,10
963,964,27.0,3939,избавиться,7,8,7,8,8,7,5,6,8,9
964,965,27.0,3945,рождаться,7,8,7,6,8,6,7,7,7,9
965,966,26.9,3951,возрасти,7,7,7,6,7,6,7,7,6,7
966,967,26.9,3953,ограничить,6,7,6,7,7,7,5,6,7,7
967,968,26.9,3957,предлагаться,9,10,10,8,10,9,9,9,9,10
968,969,26.9,3958,предъявить,7,8,7,8,8,6,7,7,8,8
969,970,26.9,3959,прятать,5,5,4,4,6,3,5,5,5,7
970,971,26.8,3964,крутить,4,5,3,5,6,3,4,4,6,7
971,972,26.8,3968,разобрать,7,7,7,5,6,6,6,7,6,7
972,973,26.8,3969,ранить,4,5,4,4,4,4,1,3,5,5
973,974,26.7,3973,дружить,4,6,4,5,6,4,4,4,6,7
974,975,26.7,3979,расстаться,8,8,7,6,7,6,7,8,7,8
975,976,26.7,3980,уставиться,7,7,6,8,8,6,6,5,7,8
976,977,26.6,3983,закурить,5,6,5,5,5,5,4,5,6,6
977,978,26.6,3987,обсуждаться,8,9,9,8,9,8,8,8,8,9
978,979,26.6,3988,поглядывать,7,9,9,7,8,7,9,9,8,9
979,980,26.5,3994,дожидаться,8,8,7,7,8,7,7,8,7,9
980,981,26.5,3995,кивать,5,5,4,4,6,5,4,5,5,6
981,982,26.5,4001,сбросить,5,6,5,6,6,4,4,4,5,6
982,983,26.5,4002,уснуть,4,4,5,5,4,4,3,5,6,5
983,984,26.4,4010,сниться,6,6,5,7,7,5,4,5,7,7
984,985,26.3,4014,бормотать,7,7,6,6,7,5,6,6,6,7
985,986,26.3,4017,переехать,7,7,7,6,7,6,7,7,6,7
986,987,26.3,4018,послышаться,8,9,9,8,9,6,9,8,8,9
987,988,26.3,4021,противоречить,10,9,8,11,11,8,10,10,10,10
988,989,26.3,4023,расширить,6,7,5,6,6,5,5,5,7,7
989,990,26.3,4027,уточнить,5,5,4,6,5,4,4,5,6,6
990,991,26.2,4035,мучить,3,6,4,5,6,4,3,4,6,7
991,992,26.2,4039,сниматься,7,7,6,6,8,7,6,5,6,8
992,993,26.2,4041,уверять,5,5,4,5,6,5,5,5,5,6
993,994,26.1,4045,бросаться,7,8,7,6,8,6,6,7,7,9
994,995,26.1,4050,отложить,5,6,4,6,6,5,5,5,6,7
995,996,26.1,4051,отмечаться,8,8,7,7,8,8,8,8,7,9
996,997,26.1,4053,разбудить,6,7,6,6,6,6,5,6,7,7
997,998,26.1,4054,распространяться,14,12,13,12,12,10,12,11,12,12
998,999,26.0,4069,удержаться,8,8,8,7,8,8,8,8,7,9
999,1000,25.9,4074,пострадать,8,7,7,7,8,4,7,6,6,8
1000,1001,25.9,4076,сократить,6,7,5,6,7,4,5,4,6,6
